2025	1	1000	813-555-1000	43.99	690	334
2025	1	1001	813-555-1001	138.75	820	301
2025	1	1002	656-555-1002	114.92	668	463
2025	1	1003	813-555-1003	84.08	178	902
2025	1	1004	656-555-1004	7.33	897	621
2025	1	1005	656-555-1005	88.77	683	729
2025	1	1006	813-555-1006	133.6	556	702
2025	1	1007	656-555-1007	23.54	404	442
2025	1	1008	656-555-1008	138.23	149	794
2025	1	1009	656-555-1009	93.49	337	718
2025	1	1010	656-555-1010	52.68	487	729
2025	1	1011	813-555-1011	133.95	120	415
2025	1	1012	813-555-1012	144.81	264	894
2025	1	1013	656-555-1013	95.62	107	594
2025	1	1014	813-555-1014	61.23	637	951
2025	1	1015	656-555-1015	135.84	571	429
2025	1	1016	656-555-1016	106.27	928	485
2025	1	1017	656-555-1017	47.13	444	208
2025	1	1018	813-555-1018	67.26	229	547
2025	1	1019	656-555-1019	69.75	665	169
2025	1	1020	813-555-1020	76.46	665	745
2025	1	1021	813-555-1021	104.61	437	721
2025	1	1022	813-555-1022	24.59	364	58
2025	1	1023	656-555-1023	19.29	579	589
2025	1	1024	813-555-1024	73.82	348	12
2025	1	1025	813-555-1025	35.79	238	32
2025	1	1026	656-555-1026	126.22	764	65
2025	1	1027	656-555-1027	38.57	475	177
2025	1	1028	656-555-1028	106.67	111	59
2025	1	1029	813-555-1029	123.14	389	372
2025	1	1030	813-555-1030	142.45	402	974
2025	1	1031	656-555-1031	11	531	861
2025	1	1032	813-555-1032	47.56	315	221
2025	1	1033	813-555-1033	54.31	807	592
2025	1	1034	813-555-1034	54.93	344	719
2025	1	1035	813-555-1035	30.91	579	666
2025	1	1036	656-555-1036	68.86	134	784
2025	1	1037	656-555-1037	104.2	980	461
2025	1	1038	813-555-1038	99.74	443	429
2025	1	1039	813-555-1039	63.64	998	48
2025	1	1040	656-555-1040	65.41	847	297
2025	1	1041	656-555-1041	79.11	477	751
2025	1	1042	813-555-1042	100.88	442	711
2025	1	1043	813-555-1043	80.54	480	422
2025	1	1044	813-555-1044	59.14	405	909
2025	1	1045	656-555-1045	86.44	395	867
2025	1	1046	813-555-1046	122.34	489	967
2025	1	1047	813-555-1047	6.74	521	789
2025	1	1048	656-555-1048	46.94	215	988
2025	1	1049	813-555-1049	24.95	744	533
2025	1	1050	813-555-1050	122.53	347	488
2025	1	1051	813-555-1051	94.42	523	280
2025	1	1052	813-555-1052	92.92	585	916
2025	1	1053	656-555-1053	98.1	759	103
2025	1	1054	656-555-1054	65.34	539	32
2025	1	1055	813-555-1055	64.35	740	894
2025	1	1056	656-555-1056	84.87	948	101
2025	1	1057	813-555-1057	95.4	412	698
2025	1	1058	813-555-1058	105.19	201	24
2025	1	1059	656-555-1059	75.79	496	539
2025	1	1060	813-555-1060	9.06	568	691
2025	1	1061	656-555-1061	6.8	536	225
2025	1	1062	813-555-1062	15.83	827	719
2025	1	1063	813-555-1063	140.86	476	927
2025	1	1064	656-555-1064	45.67	577	360
2025	1	1065	813-555-1065	43.64	182	434
2025	1	1066	656-555-1066	92.36	538	833
2025	1	1067	813-555-1067	96.78	439	517
2025	1	1068	813-555-1068	114.67	540	630
2025	1	1069	813-555-1069	109.76	670	217
2025	1	1070	656-555-1070	6.69	676	889
2025	1	1071	656-555-1071	98.34	540	962
2025	1	1072	813-555-1072	132.21	963	89
2025	1	1073	813-555-1073	13.45	756	473
2025	1	1074	656-555-1074	134.19	419	328
2025	1	1075	656-555-1075	59.59	425	724
2025	1	1076	656-555-1076	149.57	389	337
2025	1	1077	656-555-1077	95.58	758	340
2025	1	1078	813-555-1078	138.55	275	199
2025	1	1079	813-555-1079	18.17	673	492
2025	1	1080	656-555-1080	26.93	964	257
2025	1	1081	813-555-1081	127.08	241	720
2025	1	1082	813-555-1082	111.1	799	545
2025	1	1083	656-555-1083	109.17	402	48
2025	1	1084	813-555-1084	73.18	155	156
2025	1	1085	656-555-1085	100.44	630	198
2025	1	1086	656-555-1086	61.8	140	457
2025	1	1087	656-555-1087	57.65	479	352
2025	1	1088	813-555-1088	16.75	366	950
2025	1	1089	813-555-1089	76.87	499	474
2025	1	1090	656-555-1090	45.52	665	75
2025	1	1091	813-555-1091	55.78	380	88
2025	1	1092	813-555-1092	48.96	156	380
2025	1	1093	813-555-1093	50.76	139	434
2025	1	1094	656-555-1094	29.77	894	998
2025	1	1095	656-555-1095	100.79	271	201
2025	1	1096	813-555-1096	127.74	919	394
2025	1	1097	813-555-1097	61.35	621	274
2025	1	1098	813-555-1098	78.79	943	461
2025	1	1099	656-555-1099	80.78	880	620
2025	1	1100	656-555-1100	139.22	761	925
2025	1	1101	656-555-1101	103.25	670	970
2025	1	1102	656-555-1102	146.24	149	578
2025	1	1103	656-555-1103	27.08	250	696
2025	1	1104	656-555-1104	141.37	974	912
2025	1	1105	656-555-1105	62.2	155	735
2025	1	1106	813-555-1106	127.93	969	679
2025	1	1107	813-555-1107	16.68	796	696
2025	1	1108	813-555-1108	122.26	945	365
2025	1	1109	656-555-1109	133.39	590	544
2025	1	1110	656-555-1110	85.74	263	380
2025	1	1111	813-555-1111	84.64	576	976
2025	1	1112	813-555-1112	32.8	949	202
2025	1	1113	656-555-1113	53.38	767	956
2025	1	1114	813-555-1114	88.68	620	813
2025	1	1115	813-555-1115	108.92	137	318
2025	1	1116	656-555-1116	139.24	177	97
2025	1	1117	813-555-1117	47.37	225	142
2025	1	1118	656-555-1118	81.95	358	845
2025	1	1119	813-555-1119	144.69	898	732
2025	1	1120	813-555-1120	141.53	439	371
2025	1	1121	813-555-1121	118.08	269	194
2025	1	1122	656-555-1122	55.9	611	264
2025	1	1123	656-555-1123	102.25	436	527
2025	1	1124	813-555-1124	118.15	346	121
2025	1	1125	813-555-1125	118.44	727	779
2025	1	1126	656-555-1126	27.26	545	633
2025	1	1127	813-555-1127	50.42	751	148
2025	1	1128	813-555-1128	117.33	952	874
2025	1	1129	656-555-1129	84.99	922	99
2025	1	1130	813-555-1130	141.65	374	468
2025	1	1131	656-555-1131	79.31	474	12
2025	1	1132	656-555-1132	113.04	280	585
2025	1	1133	656-555-1133	88.26	962	400
2025	1	1134	656-555-1134	104.78	464	757
2025	1	1135	656-555-1135	23.53	593	836
2025	1	1136	813-555-1136	107.87	529	336
2025	1	1137	813-555-1137	60.01	224	313
2025	1	1138	813-555-1138	110.72	681	296
2025	1	1139	813-555-1139	13.69	156	990
2025	1	1140	656-555-1140	52.56	553	436
2025	1	1141	813-555-1141	80.43	746	851
2025	1	1142	656-555-1142	16.28	731	166
2025	1	1143	656-555-1143	100.05	966	21
2025	1	1144	656-555-1144	132.17	171	600
2025	1	1145	656-555-1145	103.83	784	56
2025	1	1146	813-555-1146	88.8	152	734
2025	1	1147	656-555-1147	30.63	150	713
2025	1	1148	813-555-1148	144.33	403	960
2025	1	1149	656-555-1149	58.51	126	807
2025	1	1150	656-555-1150	147.72	450	743
2025	1	1151	813-555-1151	131.34	676	956
2025	1	1152	813-555-1152	27.95	651	468
2025	1	1153	813-555-1153	139.86	767	808
2025	1	1154	813-555-1154	75.02	696	282
2025	1	1155	813-555-1155	146.21	316	145
2025	1	1156	813-555-1156	68.68	470	206
2025	1	1157	656-555-1157	78.64	523	620
2025	1	1158	813-555-1158	87.39	178	763
2025	1	1159	813-555-1159	131.73	466	829
2025	1	1160	813-555-1160	62.93	122	446
2025	1	1161	656-555-1161	135.24	715	258
2025	1	1162	813-555-1162	74.41	756	189
2025	1	1163	656-555-1163	131.74	426	294
2025	1	1164	656-555-1164	24.15	292	914
2025	1	1165	656-555-1165	105.91	292	547
2025	1	1166	656-555-1166	147.47	440	560
2025	1	1167	656-555-1167	14.83	315	377
2025	1	1168	813-555-1168	73.96	146	157
2025	1	1169	813-555-1169	122.82	430	687
2025	1	1170	813-555-1170	55.62	469	201
2025	1	1171	813-555-1171	109.67	385	207
2025	1	1172	813-555-1172	89.37	372	785
2025	1	1173	813-555-1173	141.33	677	650
2025	1	1174	813-555-1174	63.84	538	113
2025	1	1175	813-555-1175	112.09	264	898
2025	1	1176	656-555-1176	109.82	640	241
2025	1	1177	656-555-1177	48.02	169	969
2025	1	1178	656-555-1178	17.18	665	167
2025	1	1179	656-555-1179	106.05	622	394
2025	1	1180	813-555-1180	129.91	863	919
2025	1	1181	813-555-1181	19.63	893	299
2025	1	1182	656-555-1182	56.93	621	972
2025	1	1183	656-555-1183	102.3	233	878
2025	1	1184	656-555-1184	50.73	569	474
2025	1	1185	656-555-1185	131.54	653	463
2025	1	1186	656-555-1186	87.44	162	75
2025	1	1187	813-555-1187	48.22	854	803
2025	1	1188	656-555-1188	131.94	107	666
2025	1	1189	813-555-1189	128.24	367	475
2025	1	1190	813-555-1190	107.83	241	937
2025	1	1191	656-555-1191	54.93	336	739
2025	1	1192	656-555-1192	34.49	174	760
2025	1	1193	813-555-1193	139.68	937	231
2025	1	1194	813-555-1194	115.63	205	275
2025	1	1195	813-555-1195	14.45	756	443
2025	1	1196	656-555-1196	92.19	433	998
2025	1	1197	656-555-1197	125.48	792	722
2025	1	1198	656-555-1198	19.8	695	144
2025	1	1199	656-555-1199	91.32	782	325
2025	1	1200	813-555-1200	83.69	314	421
2025	1	1201	813-555-1201	118.08	593	647
2025	1	1202	656-555-1202	5.64	835	14
2025	1	1203	656-555-1203	121.41	811	636
2025	1	1204	813-555-1204	62.22	533	405
2025	1	1205	656-555-1205	42.15	663	650
2025	1	1206	656-555-1206	112.02	235	652
2025	1	1207	813-555-1207	112.32	941	899
2025	1	1208	813-555-1208	51.16	874	410
2025	1	1209	656-555-1209	132.12	343	535
2025	1	1210	656-555-1210	140.41	164	761
2025	1	1211	813-555-1211	14.85	413	304
2025	1	1212	656-555-1212	18.07	258	638
2025	1	1213	813-555-1213	14.72	439	475
2025	1	1214	813-555-1214	25.66	721	248
2025	1	1215	656-555-1215	73.74	271	212
2025	1	1216	813-555-1216	100.03	391	576
2025	1	1217	813-555-1217	113.88	108	127
2025	1	1218	813-555-1218	11.42	460	638
2025	1	1219	656-555-1219	115.51	275	209
2025	1	1220	656-555-1220	6.22	453	564
2025	1	1221	813-555-1221	24.73	946	736
2025	1	1222	656-555-1222	101.73	364	793
2025	1	1223	813-555-1223	49.85	377	352
2025	1	1224	656-555-1224	70.44	157	396
2025	1	1225	813-555-1225	88.16	164	335
2025	1	1226	813-555-1226	86.92	349	739
2025	1	1227	813-555-1227	90.87	870	476
2025	1	1228	656-555-1228	87.04	744	413
2025	1	1229	813-555-1229	23.24	217	296
2025	1	1230	813-555-1230	130.79	562	582
2025	1	1231	813-555-1231	30.95	196	156
2025	1	1232	813-555-1232	11.99	742	956
2025	1	1233	813-555-1233	116.29	826	242
2025	1	1234	656-555-1234	124.83	354	793
2025	1	1235	813-555-1235	110.19	837	296
2025	1	1236	813-555-1236	144.73	384	150
2025	1	1237	656-555-1237	144.81	861	123
2025	1	1238	813-555-1238	71.82	914	77
2025	1	1239	813-555-1239	112	525	935
2025	1	1240	656-555-1240	70.14	480	544
2025	1	1241	656-555-1241	17.16	188	76
2025	1	1242	656-555-1242	24.82	456	792
2025	1	1243	813-555-1243	75.74	273	189
2025	1	1244	656-555-1244	108.35	970	602
2025	1	1245	813-555-1245	38.96	890	755
2025	1	1246	813-555-1246	38.47	754	545
2025	1	1247	656-555-1247	43.96	115	110
2025	1	1248	813-555-1248	13.3	320	208
2025	1	1249	656-555-1249	49.45	631	345
2025	1	1250	813-555-1250	21.13	269	434
2025	1	1251	813-555-1251	95.78	894	284
2025	1	1252	656-555-1252	44.06	322	273
2025	1	1253	813-555-1253	110	428	357
2025	1	1254	656-555-1254	77.65	173	850
2025	1	1255	813-555-1255	26.02	593	692
2025	1	1256	813-555-1256	141.34	490	298
2025	1	1257	656-555-1257	93.82	814	336
2025	1	1258	656-555-1258	140.45	255	963
2025	1	1259	813-555-1259	26.76	973	427
2025	1	1260	656-555-1260	77.78	844	119
2025	1	1261	656-555-1261	82.6	369	750
2025	1	1262	813-555-1262	126.45	319	725
2025	1	1263	656-555-1263	63.2	926	50
2025	1	1264	813-555-1264	82.16	978	994
2025	1	1265	656-555-1265	61.15	244	782
2025	1	1266	813-555-1266	91.65	927	192
2025	1	1267	656-555-1267	49.37	372	252
2025	1	1268	656-555-1268	12.44	399	294
2025	1	1269	656-555-1269	104.95	116	255
2025	1	1270	656-555-1270	26.09	232	644
2025	1	1271	813-555-1271	75.99	956	161
2025	1	1272	656-555-1272	122.4	197	347
2025	1	1273	656-555-1273	148.11	853	297
2025	1	1274	813-555-1274	74.37	961	597
2025	1	1275	813-555-1275	124.55	663	231
2025	1	1276	813-555-1276	15.94	851	558
2025	1	1277	656-555-1277	8.62	992	323
2025	1	1278	813-555-1278	143.89	917	410
2025	1	1279	656-555-1279	146.18	807	802
2025	1	1280	813-555-1280	53.51	966	189
2025	1	1281	656-555-1281	24.93	457	476
2025	1	1282	813-555-1282	148.02	885	474
2025	1	1283	656-555-1283	88.1	424	280
2025	1	1284	813-555-1284	38.06	520	973
2025	1	1285	656-555-1285	40.98	685	337
2025	1	1286	656-555-1286	93.46	241	696
2025	1	1287	813-555-1287	87.86	254	313
2025	1	1288	656-555-1288	111.8	280	904
2025	1	1289	656-555-1289	33.5	827	944
2025	1	1290	656-555-1290	44.12	870	939
2025	1	1291	656-555-1291	148.4	690	508
2025	1	1292	656-555-1292	72.12	795	173
2025	1	1293	656-555-1293	26.07	467	282
2025	1	1294	813-555-1294	83.35	510	377
2025	1	1295	813-555-1295	68.42	185	871
2025	1	1296	656-555-1296	142.74	988	982
2025	1	1297	656-555-1297	22.5	789	604
2025	1	1298	656-555-1298	119.86	940	874
2025	1	1299	656-555-1299	139.79	853	935
2025	1	1300	813-555-1300	113	100	261
2025	1	1301	813-555-1301	122.01	654	80
2025	1	1302	656-555-1302	103.13	611	610
2025	1	1303	813-555-1303	60.61	997	652
2025	1	1304	813-555-1304	128.77	900	653
2025	1	1305	813-555-1305	142.99	823	507
2025	1	1306	813-555-1306	143.38	597	763
2025	1	1307	656-555-1307	108.21	401	711
2025	1	1308	656-555-1308	121.32	412	914
2025	1	1309	813-555-1309	17.59	221	114
2025	1	1310	813-555-1310	125.75	200	302
2025	1	1311	656-555-1311	148.43	405	713
2025	1	1312	656-555-1312	12.99	759	807
2025	1	1313	813-555-1313	106.65	447	871
2025	1	1314	656-555-1314	135.78	439	780
2025	1	1315	656-555-1315	121.32	444	610
2025	1	1316	656-555-1316	79.89	498	165
2025	1	1317	813-555-1317	41.06	389	834
2025	1	1318	656-555-1318	5.32	471	132
2025	1	1319	656-555-1319	64.02	822	825
2025	1	1320	813-555-1320	46.41	321	950
2025	1	1321	813-555-1321	84.8	701	544
2025	1	1322	656-555-1322	32.93	321	409
2025	1	1323	656-555-1323	44.75	702	18
2025	1	1324	813-555-1324	119.3	841	10
2025	1	1325	656-555-1325	81.89	901	666
2025	1	1326	656-555-1326	41.25	669	682
2025	1	1327	656-555-1327	143.7	384	463
2025	1	1328	656-555-1328	102.37	350	50
2025	1	1329	656-555-1329	98.84	291	640
2025	1	1330	656-555-1330	71.24	838	99
2025	1	1331	656-555-1331	96.48	364	548
2025	1	1332	656-555-1332	113.38	950	515
2025	1	1333	813-555-1333	35.38	926	89
2025	1	1334	813-555-1334	12.94	645	89
2025	1	1335	656-555-1335	110.28	746	516
2025	1	1336	656-555-1336	114.63	128	139
2025	1	1337	813-555-1337	107.43	812	888
2025	1	1338	656-555-1338	63.9	965	886
2025	1	1339	656-555-1339	137.57	739	978
2025	1	1340	656-555-1340	83.44	470	603
2025	1	1341	813-555-1341	42.01	281	80
2025	1	1342	656-555-1342	135.91	149	44
2025	1	1343	813-555-1343	64.51	205	189
2025	1	1344	656-555-1344	135.86	967	454
2025	1	1345	813-555-1345	80.5	827	513
2025	1	1346	656-555-1346	133.15	883	181
2025	1	1347	813-555-1347	51.85	960	861
2025	1	1348	656-555-1348	141.43	307	564
2025	1	1349	656-555-1349	139.02	269	483
2025	1	1350	656-555-1350	144.59	143	191
2025	1	1351	813-555-1351	49.49	295	379
2025	1	1352	813-555-1352	76.37	968	149
2025	1	1353	813-555-1353	46.13	352	261
2025	1	1354	656-555-1354	140.49	767	874
2025	1	1355	656-555-1355	63.82	288	407
2025	1	1356	656-555-1356	119.28	642	478
2025	1	1357	656-555-1357	87.42	828	63
2025	1	1358	656-555-1358	72.99	728	862
2025	1	1359	813-555-1359	7.42	754	895
2025	1	1360	813-555-1360	95.32	525	669
2025	1	1361	813-555-1361	123.99	969	326
2025	1	1362	656-555-1362	79.85	952	511
2025	1	1363	656-555-1363	137.88	821	510
2025	1	1364	656-555-1364	90.57	781	312
2025	1	1365	813-555-1365	141.84	639	972
2025	1	1366	656-555-1366	129.65	713	335
2025	1	1367	656-555-1367	59.88	474	254
2025	1	1368	813-555-1368	79.61	291	117
2025	1	1369	813-555-1369	31.54	303	946
2025	1	1370	656-555-1370	48.05	346	831
2025	1	1371	656-555-1371	36.85	428	618
2025	1	1372	656-555-1372	114.49	821	942
2025	1	1373	813-555-1373	131.38	168	196
2025	1	1374	656-555-1374	11.49	975	821
2025	1	1375	656-555-1375	101.4	543	511
2025	1	1376	813-555-1376	7.26	514	784
2025	1	1377	813-555-1377	127.33	322	446
2025	1	1378	813-555-1378	98.99	457	248
2025	1	1379	656-555-1379	53.73	354	284
2025	1	1380	656-555-1380	148.74	813	120
2025	1	1381	656-555-1381	43.21	888	629
2025	1	1382	656-555-1382	146.76	549	967
2025	1	1383	813-555-1383	133.15	377	40
2025	1	1384	813-555-1384	82.34	251	80
2025	1	1385	656-555-1385	93.25	914	439
2025	1	1386	813-555-1386	108.33	877	572
2025	1	1387	656-555-1387	88.49	910	533
2025	1	1388	656-555-1388	38.54	397	479
2025	1	1389	813-555-1389	11.78	439	925
2025	1	1390	813-555-1390	116.35	168	442
2025	1	1391	656-555-1391	133.71	695	71
2025	1	1392	656-555-1392	28.02	832	685
2025	1	1393	656-555-1393	140.67	402	269
2025	1	1394	656-555-1394	20.82	350	44
2025	1	1395	656-555-1395	94.77	126	587
2025	1	1396	656-555-1396	111.77	996	639
2025	1	1397	656-555-1397	79.74	734	41
2025	1	1398	656-555-1398	132.27	355	16
2025	1	1399	656-555-1399	41.64	221	845
2025	1	1400	813-555-1400	131.85	893	701
2025	1	1401	813-555-1401	68.07	985	237
2025	1	1402	813-555-1402	17.61	156	481
2025	1	1403	813-555-1403	79.17	847	195
2025	1	1404	656-555-1404	116.09	942	22
2025	1	1405	813-555-1405	10.44	228	917
2025	1	1406	813-555-1406	27.04	432	753
2025	1	1407	656-555-1407	96.38	511	127
2025	1	1408	813-555-1408	42.88	106	871
2025	1	1409	656-555-1409	81.71	660	934
2025	1	1410	813-555-1410	23.65	829	609
2025	1	1411	813-555-1411	141.37	271	789
2025	1	1412	656-555-1412	56.42	741	42
2025	1	1413	813-555-1413	84.77	307	665
2025	1	1414	813-555-1414	142.23	526	553
2025	1	1415	813-555-1415	14.03	379	725
2025	1	1416	656-555-1416	136.24	437	533
2025	1	1417	813-555-1417	105.02	171	825
2025	1	1418	656-555-1418	41.42	567	364
2025	1	1419	656-555-1419	81.68	165	668
2025	1	1420	813-555-1420	81.09	785	459
2025	1	1421	656-555-1421	7.85	102	903
2025	1	1422	656-555-1422	141.28	575	723
2025	1	1423	813-555-1423	137.03	999	964
2025	1	1424	656-555-1424	134.55	693	152
2025	1	1425	656-555-1425	6.6	651	227
2025	1	1426	813-555-1426	62.15	516	814
2025	1	1427	813-555-1427	132.46	182	114
2025	1	1428	813-555-1428	47.07	834	216
2025	1	1429	656-555-1429	73.22	721	982
2025	1	1430	656-555-1430	66.68	701	218
2025	1	1431	656-555-1431	131.8	970	846
2025	1	1432	656-555-1432	40.98	114	950
2025	1	1433	656-555-1433	89.82	162	668
2025	1	1434	813-555-1434	29.46	375	359
2025	1	1435	813-555-1435	62.44	633	533
2025	1	1436	813-555-1436	61.84	731	584
2025	1	1437	656-555-1437	110.15	138	456
2025	1	1438	656-555-1438	31.85	429	927
2025	1	1439	813-555-1439	14.4	251	987
2025	1	1440	813-555-1440	62.46	775	186
2025	1	1441	656-555-1441	23.01	261	735
2025	1	1442	656-555-1442	78.7	796	580
2025	1	1443	656-555-1443	77.41	581	39
2025	1	1444	813-555-1444	54.55	999	684
2025	1	1445	813-555-1445	70	376	134
2025	1	1446	813-555-1446	28.56	278	893
2025	1	1447	813-555-1447	132.78	871	249
2025	1	1448	813-555-1448	123.55	205	899
2025	1	1449	813-555-1449	32.47	301	559
2025	1	1450	813-555-1450	103.17	263	678
2025	1	1451	656-555-1451	12.53	926	985
2025	1	1452	813-555-1452	87.31	627	297
2025	1	1453	656-555-1453	52.56	370	348
2025	1	1454	813-555-1454	29.2	683	77
2025	1	1455	656-555-1455	102.03	101	575
2025	1	1456	656-555-1456	34.28	934	601
2025	1	1457	813-555-1457	96.02	669	74
2025	1	1458	813-555-1458	44.21	959	554
2025	1	1459	656-555-1459	108.02	777	125
2025	1	1460	813-555-1460	61.42	360	480
2025	1	1461	813-555-1461	116.39	436	735
2025	1	1462	813-555-1462	145.65	810	45
2025	1	1463	656-555-1463	67.95	297	443
2025	1	1464	813-555-1464	84.45	110	790
2025	1	1465	656-555-1465	125.21	651	34
2025	1	1466	656-555-1466	102.91	691	548
2025	1	1467	813-555-1467	33.76	310	233
2025	1	1468	656-555-1468	106.61	903	522
2025	1	1469	813-555-1469	139.06	798	761
2025	1	1470	813-555-1470	133.14	932	531
2025	1	1471	656-555-1471	10.89	952	320
2025	1	1472	656-555-1472	42.72	794	145
2025	1	1473	813-555-1473	43.93	584	393
2025	1	1474	656-555-1474	100.05	733	483
2025	1	1475	656-555-1475	79.96	932	888
2025	1	1476	656-555-1476	70.46	767	867
2025	1	1477	813-555-1477	138.74	781	589
2025	1	1478	813-555-1478	108.47	643	382
2025	1	1479	813-555-1479	49.25	872	450
2025	1	1480	656-555-1480	135.28	955	442
2025	1	1481	813-555-1481	36.27	310	51
2025	1	1482	813-555-1482	117.09	954	869
2025	1	1483	656-555-1483	110.86	546	436
2025	1	1484	656-555-1484	98.04	347	122
2025	1	1485	813-555-1485	109.15	213	841
2025	1	1486	656-555-1486	66.72	819	145
2025	1	1487	813-555-1487	142.77	760	198
2025	1	1488	656-555-1488	116.69	405	744
2025	1	1489	813-555-1489	54.39	230	502
2025	1	1490	813-555-1490	49.72	238	192
2025	1	1491	656-555-1491	86.33	507	196
2025	1	1492	656-555-1492	147.67	122	920
2025	1	1493	813-555-1493	103.44	609	43
2025	1	1494	813-555-1494	44.62	761	552
2025	1	1495	656-555-1495	25.37	572	516
2025	1	1496	813-555-1496	133.1	144	613
2025	1	1497	813-555-1497	11.69	917	919
2025	1	1498	656-555-1498	42.92	934	23
2025	1	1499	656-555-1499	106.16	378	153
2025	1	1500	813-555-1500	77.92	377	270
2025	1	1501	813-555-1501	12.07	915	864
2025	1	1502	656-555-1502	8.66	289	306
2025	1	1503	813-555-1503	106.65	189	108
2025	1	1504	656-555-1504	134.8	311	694
2025	1	1505	813-555-1505	138.33	109	125
2025	1	1506	656-555-1506	112.13	491	794
2025	1	1507	656-555-1507	117.92	789	803
2025	1	1508	656-555-1508	88.57	591	130
2025	1	1509	656-555-1509	9.32	907	907
2025	1	1510	656-555-1510	105.67	592	727
2025	1	1511	813-555-1511	139.41	899	787
2025	1	1512	656-555-1512	13.8	996	392
2025	1	1513	656-555-1513	142.75	582	956
2025	1	1514	813-555-1514	81.18	465	439
2025	1	1515	813-555-1515	77.83	166	619
2025	1	1516	813-555-1516	66.74	461	30
2025	1	1517	813-555-1517	112.16	602	544
2025	1	1518	656-555-1518	143.39	772	155
2025	1	1519	656-555-1519	13.33	622	454
2025	1	1520	656-555-1520	57.78	628	311
2025	1	1521	813-555-1521	126.35	159	985
2025	1	1522	813-555-1522	97.24	188	128
2025	1	1523	813-555-1523	27.01	754	529
2025	1	1524	656-555-1524	132.2	166	965
2025	1	1525	813-555-1525	38.26	559	468
2025	1	1526	656-555-1526	13.78	367	201
2025	1	1527	813-555-1527	27.83	333	368
2025	1	1528	813-555-1528	149.62	682	100
2025	1	1529	656-555-1529	67.18	787	689
2025	1	1530	813-555-1530	39.99	902	816
2025	1	1531	813-555-1531	50.07	337	854
2025	1	1532	656-555-1532	6.18	836	295
2025	1	1533	656-555-1533	106.96	830	446
2025	1	1534	656-555-1534	14.98	286	421
2025	1	1535	656-555-1535	23.86	746	166
2025	1	1536	813-555-1536	17.32	213	487
2025	1	1537	656-555-1537	39.48	331	706
2025	1	1538	813-555-1538	70.37	490	585
2025	1	1539	813-555-1539	48.08	827	174
2025	1	1540	656-555-1540	108.92	962	111
2025	1	1541	813-555-1541	86.23	492	190
2025	1	1542	656-555-1542	100.9	462	868
2025	1	1543	813-555-1543	71.65	553	370
2025	1	1544	656-555-1544	42.26	548	949
2025	1	1545	656-555-1545	130.33	767	944
2025	1	1546	656-555-1546	80.62	411	110
2025	1	1547	656-555-1547	138.97	265	725
2025	1	1548	656-555-1548	35.8	820	226
2025	1	1549	656-555-1549	97.53	256	663
2025	1	1550	656-555-1550	97.96	291	188
2025	1	1551	813-555-1551	7.24	334	487
2025	1	1552	656-555-1552	23.68	998	927
2025	1	1553	656-555-1553	141.19	760	372
2025	1	1554	813-555-1554	10	102	20
2025	1	1555	656-555-1555	69.05	610	166
2025	1	1556	813-555-1556	118.61	556	416
2025	1	1557	813-555-1557	46.28	958	523
2025	1	1558	813-555-1558	140.52	535	21
2025	1	1559	656-555-1559	99.56	549	774
2025	1	1560	656-555-1560	87.59	467	257
2025	1	1561	813-555-1561	32.56	914	296
2025	1	1562	656-555-1562	58.96	506	262
2025	1	1563	813-555-1563	31.16	196	977
2025	1	1564	813-555-1564	128.07	153	624
2025	1	1565	656-555-1565	5.81	427	298
2025	1	1566	656-555-1566	72.33	659	377
2025	1	1567	813-555-1567	88.37	612	795
2025	1	1568	656-555-1568	82.95	586	549
2025	1	1569	813-555-1569	41.33	854	66
2025	1	1570	813-555-1570	77.45	288	106
2025	1	1571	656-555-1571	44.4	583	447
2025	1	1572	656-555-1572	102.07	305	103
2025	1	1573	656-555-1573	98.33	287	280
2025	1	1574	656-555-1574	147.87	725	297
2025	1	1575	656-555-1575	111.6	596	289
2025	1	1576	656-555-1576	7.56	870	69
2025	1	1577	813-555-1577	98.58	888	574
2025	1	1578	813-555-1578	69.66	716	981
2025	1	1579	656-555-1579	147.96	163	131
2025	1	1580	656-555-1580	128.79	463	358
2025	1	1581	656-555-1581	81.18	937	264
2025	1	1582	656-555-1582	5.12	610	950
2025	1	1583	813-555-1583	110.24	173	261
2025	1	1584	656-555-1584	51.67	783	290
2025	1	1585	813-555-1585	95.15	380	959
2025	1	1586	813-555-1586	46.6	436	930
2025	1	1587	656-555-1587	94.39	806	163
2025	1	1588	656-555-1588	36.61	260	644
2025	1	1589	813-555-1589	78.62	895	391
2025	1	1590	656-555-1590	52.97	464	747
2025	1	1591	656-555-1591	35.54	422	900
2025	1	1592	656-555-1592	141.92	808	132
2025	1	1593	813-555-1593	9.35	255	442
2025	1	1594	813-555-1594	97.76	430	497
2025	1	1595	656-555-1595	111.68	469	591
2025	1	1596	656-555-1596	113.27	386	300
2025	1	1597	656-555-1597	39.26	731	270
2025	1	1598	656-555-1598	109.97	262	926
2025	1	1599	656-555-1599	22.2	406	337
2025	1	1600	656-555-1600	36.77	959	901
2025	1	1601	656-555-1601	27.93	977	756
2025	1	1602	813-555-1602	9.63	754	320
2025	1	1603	813-555-1603	149.61	382	334
2025	1	1604	656-555-1604	54.32	890	189
2025	1	1605	656-555-1605	54.03	779	195
2025	1	1606	813-555-1606	26.37	699	37
2025	1	1607	656-555-1607	14.09	160	481
2025	1	1608	813-555-1608	46.08	279	436
2025	1	1609	656-555-1609	117.01	115	300
2025	1	1610	656-555-1610	10.95	896	718
2025	1	1611	813-555-1611	65.78	795	36
2025	1	1612	656-555-1612	97.49	728	411
2025	1	1613	813-555-1613	105.19	413	798
2025	1	1614	656-555-1614	111.62	618	913
2025	1	1615	656-555-1615	17.81	854	879
2025	1	1616	656-555-1616	19.51	264	66
2025	1	1617	656-555-1617	52.73	838	948
2025	1	1618	813-555-1618	118.69	914	300
2025	1	1619	813-555-1619	14.31	925	451
2025	1	1620	656-555-1620	89.48	247	140
2025	1	1621	813-555-1621	127.42	608	442
2025	1	1622	813-555-1622	85.69	289	875
2025	1	1623	656-555-1623	43.64	288	38
2025	1	1624	813-555-1624	72.51	988	806
2025	1	1625	813-555-1625	139.07	357	412
2025	1	1626	656-555-1626	110.14	826	240
2025	1	1627	813-555-1627	12.37	788	976
2025	1	1628	656-555-1628	90.58	953	353
2025	1	1629	656-555-1629	76.01	115	698
2025	1	1630	656-555-1630	67.13	110	698
2025	1	1631	656-555-1631	32.67	801	162
2025	1	1632	813-555-1632	89.96	443	465
2025	1	1633	813-555-1633	40	937	405
2025	1	1634	656-555-1634	23.24	371	992
2025	1	1635	813-555-1635	44.15	148	885
2025	1	1636	656-555-1636	144.92	320	586
2025	1	1637	813-555-1637	109.57	859	866
2025	1	1638	656-555-1638	107.73	450	391
2025	1	1639	656-555-1639	129.21	438	912
2025	1	1640	813-555-1640	140.62	556	750
2025	1	1641	813-555-1641	33.1	340	252
2025	1	1642	813-555-1642	7.42	772	656
2025	1	1643	656-555-1643	78.75	282	460
2025	1	1644	813-555-1644	57.81	643	423
2025	1	1645	656-555-1645	132.61	333	632
2025	1	1646	813-555-1646	77.9	810	839
2025	1	1647	813-555-1647	104.42	913	512
2025	1	1648	656-555-1648	77.64	469	919
2025	1	1649	813-555-1649	75.44	986	654
2025	1	1650	813-555-1650	35.1	772	360
2025	1	1651	813-555-1651	132.02	284	912
2025	1	1652	813-555-1652	108.9	873	435
2025	1	1653	813-555-1653	19.5	381	606
2025	1	1654	656-555-1654	90.96	539	740
2025	1	1655	813-555-1655	46.95	932	696
2025	1	1656	813-555-1656	8.72	792	322
2025	1	1657	813-555-1657	32.42	743	585
2025	1	1658	813-555-1658	55.06	801	995
2025	1	1659	813-555-1659	81.23	767	582
2025	1	1660	656-555-1660	14.21	604	391
2025	1	1661	656-555-1661	139.85	118	252
2025	1	1662	656-555-1662	106.31	554	402
2025	1	1663	656-555-1663	132.04	175	229
2025	1	1664	656-555-1664	9.57	467	395
2025	1	1665	813-555-1665	48.39	348	913
2025	1	1666	813-555-1666	83.82	395	625
2025	1	1667	656-555-1667	55.91	133	656
2025	1	1668	656-555-1668	122.75	393	139
2025	1	1669	656-555-1669	147.99	425	677
2025	1	1670	813-555-1670	133.43	987	162
2025	1	1671	813-555-1671	13.12	255	667
2025	1	1672	813-555-1672	70.13	553	174
2025	1	1673	813-555-1673	120.28	237	547
2025	1	1674	656-555-1674	115.12	256	105
2025	1	1675	813-555-1675	68.76	730	568
2025	1	1676	813-555-1676	78.24	476	48
2025	1	1677	656-555-1677	74.84	913	367
2025	1	1678	656-555-1678	57.46	146	759
2025	1	1679	813-555-1679	127.12	852	497
2025	1	1680	813-555-1680	5.65	529	284
2025	1	1681	813-555-1681	133.34	819	27
2025	1	1682	656-555-1682	148.11	316	930
2025	1	1683	656-555-1683	91.12	347	640
2025	1	1684	656-555-1684	87.05	177	644
2025	1	1685	656-555-1685	44.26	782	23
2025	1	1686	656-555-1686	135.99	862	927
2025	1	1687	656-555-1687	107.38	260	307
2025	1	1688	656-555-1688	137.01	471	106
2025	1	1689	656-555-1689	48.48	401	939
2025	1	1690	813-555-1690	107.27	776	970
2025	1	1691	656-555-1691	27.08	876	340
2025	1	1692	813-555-1692	141.01	573	292
2025	1	1693	656-555-1693	111.46	895	578
2025	1	1694	656-555-1694	74.87	447	811
2025	1	1695	813-555-1695	95.58	833	18
2025	1	1696	813-555-1696	64.5	515	334
2025	1	1697	656-555-1697	9.17	517	523
2025	1	1698	813-555-1698	40.34	524	695
2025	1	1699	656-555-1699	70.2	985	518
2025	1	1700	656-555-1700	61.87	213	751
2025	1	1701	813-555-1701	105.24	762	943
2025	1	1702	656-555-1702	27.93	341	247
2025	1	1703	813-555-1703	142.63	692	931
2025	1	1704	813-555-1704	28.39	954	87
2025	1	1705	656-555-1705	60.2	127	290
2025	1	1706	656-555-1706	98.78	901	283
2025	1	1707	656-555-1707	62.38	614	452
2025	1	1708	656-555-1708	96.98	198	651
2025	1	1709	656-555-1709	125.1	585	42
2025	1	1710	656-555-1710	112.02	986	90
2025	1	1711	813-555-1711	37.75	249	946
2025	1	1712	813-555-1712	52.34	750	748
2025	1	1713	656-555-1713	64.86	390	218
2025	1	1714	656-555-1714	54.48	116	12
2025	1	1715	656-555-1715	105.12	610	402
2025	1	1716	656-555-1716	87.25	113	260
2025	1	1717	656-555-1717	41.79	506	177
2025	1	1718	656-555-1718	94.07	351	149
2025	1	1719	813-555-1719	101.05	336	493
2025	1	1720	656-555-1720	71.83	956	799
2025	1	1721	656-555-1721	40.89	202	187
2025	1	1722	656-555-1722	131.64	636	374
2025	1	1723	813-555-1723	40.43	338	258
2025	1	1724	656-555-1724	128.74	934	750
2025	1	1725	656-555-1725	142.12	870	437
2025	1	1726	813-555-1726	71.71	658	69
2025	1	1727	656-555-1727	47.55	923	601
2025	1	1728	813-555-1728	54.03	386	318
2025	1	1729	813-555-1729	25.78	170	709
2025	1	1730	656-555-1730	134.32	365	51
2025	1	1731	813-555-1731	118.41	835	234
2025	1	1732	656-555-1732	45.22	681	561
2025	1	1733	813-555-1733	55.8	370	38
2025	1	1734	813-555-1734	60.19	192	621
2025	1	1735	813-555-1735	62.3	358	492
2025	1	1736	656-555-1736	145.85	362	526
2025	1	1737	813-555-1737	40.45	820	624
2025	1	1738	656-555-1738	109.05	954	127
2025	1	1739	656-555-1739	132.73	817	13
2025	1	1740	656-555-1740	135.14	896	500
2025	1	1741	813-555-1741	67.21	811	691
2025	1	1742	813-555-1742	116	552	43
2025	1	1743	656-555-1743	39.69	867	315
2025	1	1744	813-555-1744	42.3	182	75
2025	1	1745	656-555-1745	137.48	114	558
2025	1	1746	656-555-1746	23.53	242	419
2025	1	1747	656-555-1747	41.34	217	801
2025	1	1748	813-555-1748	123.22	825	643
2025	1	1749	813-555-1749	25.92	870	548
2025	1	1750	656-555-1750	89.65	891	106
2025	1	1751	813-555-1751	85.72	451	613
2025	1	1752	656-555-1752	46.48	147	849
2025	1	1753	656-555-1753	107.67	586	210
2025	1	1754	656-555-1754	96.24	335	526
2025	1	1755	656-555-1755	77.32	640	642
2025	1	1756	813-555-1756	12.34	480	344
2025	1	1757	656-555-1757	99.11	571	594
2025	1	1758	656-555-1758	143.44	704	437
2025	1	1759	656-555-1759	73.21	371	690
2025	1	1760	813-555-1760	131.6	459	197
2025	1	1761	813-555-1761	26.63	435	284
2025	1	1762	656-555-1762	143.1	741	275
2025	1	1763	656-555-1763	132.3	506	698
2025	1	1764	656-555-1764	83.63	654	215
2025	1	1765	656-555-1765	67.29	628	468
2025	1	1766	656-555-1766	48.01	278	610
2025	1	1767	813-555-1767	53.22	505	515
2025	1	1768	656-555-1768	106.54	407	219
2025	1	1769	656-555-1769	102.28	392	479
2025	1	1770	813-555-1770	46.13	998	959
2025	1	1771	813-555-1771	36.56	798	575
2025	1	1772	813-555-1772	104.81	438	50
2025	1	1773	656-555-1773	111.61	233	909
2025	1	1774	656-555-1774	55.34	783	350
2025	1	1775	656-555-1775	43.58	142	208
2025	1	1776	813-555-1776	58.01	120	969
2025	1	1777	813-555-1777	123.07	979	715
2025	1	1778	813-555-1778	73.2	393	823
2025	1	1779	656-555-1779	63.98	757	574
2025	1	1780	813-555-1780	27.45	944	349
2025	1	1781	656-555-1781	64.66	969	766
2025	1	1782	813-555-1782	11.91	950	516
2025	1	1783	656-555-1783	62.7	329	939
2025	1	1784	813-555-1784	43	144	410
2025	1	1785	656-555-1785	65	770	194
2025	1	1786	656-555-1786	19.23	579	319
2025	1	1787	813-555-1787	112.52	544	103
2025	1	1788	656-555-1788	40.42	271	488
2025	1	1789	813-555-1789	71.79	240	143
2025	1	1790	813-555-1790	102.45	983	585
2025	1	1791	656-555-1791	139.47	651	539
2025	1	1792	656-555-1792	112.48	305	154
2025	1	1793	656-555-1793	30.12	535	583
2025	1	1794	656-555-1794	38.1	264	369
2025	1	1795	813-555-1795	68.5	895	243
2025	1	1796	656-555-1796	16.63	825	310
2025	1	1797	656-555-1797	119.62	988	645
2025	1	1798	656-555-1798	12.89	168	281
2025	1	1799	656-555-1799	103.26	487	219
2025	1	1800	656-555-1800	79.05	574	284
2025	1	1801	656-555-1801	103.93	598	556
2025	1	1802	813-555-1802	88.1	419	138
2025	1	1803	813-555-1803	26.82	875	284
2025	1	1804	813-555-1804	69.23	591	527
2025	1	1805	813-555-1805	54.32	276	375
2025	1	1806	813-555-1806	78.95	221	954
2025	1	1807	813-555-1807	16.66	797	129
2025	1	1808	813-555-1808	129.98	341	92
2025	1	1809	656-555-1809	68.66	922	230
2025	1	1810	656-555-1810	137.56	538	211
2025	1	1811	656-555-1811	120.13	264	69
2025	1	1812	813-555-1812	133.8	718	759
2025	1	1813	656-555-1813	25.39	557	48
2025	1	1814	656-555-1814	62.7	288	229
2025	1	1815	813-555-1815	65.75	580	916
2025	1	1816	813-555-1816	64.25	139	821
2025	1	1817	813-555-1817	84.21	110	710
2025	1	1818	813-555-1818	138.09	771	959
2025	1	1819	656-555-1819	49.42	919	332
2025	1	1820	813-555-1820	14.08	864	476
2025	1	1821	656-555-1821	53.94	699	475
2025	1	1822	656-555-1822	135	670	708
2025	1	1823	656-555-1823	126.21	323	645
2025	1	1824	813-555-1824	70.52	389	356
2025	1	1825	656-555-1825	22.66	566	594
2025	1	1826	656-555-1826	141.83	137	764
2025	1	1827	656-555-1827	147.55	929	588
2025	1	1828	656-555-1828	136.89	412	107
2025	1	1829	813-555-1829	56.6	901	290
2025	1	1830	656-555-1830	36.58	153	566
2025	1	1831	813-555-1831	97.46	118	192
2025	1	1832	656-555-1832	81.59	198	411
2025	1	1833	813-555-1833	38.35	235	534
2025	1	1834	813-555-1834	24.76	734	672
2025	1	1835	813-555-1835	69.08	996	728
2025	1	1836	813-555-1836	14.96	989	723
2025	1	1837	813-555-1837	71.37	677	902
2025	1	1838	813-555-1838	129.62	873	278
2025	1	1839	813-555-1839	53.49	472	920
2025	1	1840	813-555-1840	145.81	410	813
2025	1	1841	656-555-1841	115.38	442	325
2025	1	1842	656-555-1842	58.41	834	467
2025	1	1843	656-555-1843	85.76	110	311
2025	1	1844	656-555-1844	33.65	681	667
2025	1	1845	656-555-1845	142.47	330	196
2025	1	1846	813-555-1846	83.92	830	897
2025	1	1847	656-555-1847	119.64	214	569
2025	1	1848	813-555-1848	66.91	628	825
2025	1	1849	656-555-1849	106.18	941	893
2025	1	1850	813-555-1850	26.73	669	696
2025	1	1851	813-555-1851	57.99	317	954
2025	1	1852	656-555-1852	54.19	405	114
2025	1	1853	813-555-1853	89.55	877	730
2025	1	1854	813-555-1854	54.69	179	651
2025	1	1855	813-555-1855	58.65	967	436
2025	1	1856	813-555-1856	72.8	199	655
2025	1	1857	656-555-1857	51.85	161	541
2025	1	1858	813-555-1858	97.57	538	287
2025	1	1859	656-555-1859	103.22	757	612
2025	1	1860	813-555-1860	7.01	633	547
2025	1	1861	813-555-1861	35.82	340	666
2025	1	1862	813-555-1862	129.16	689	990
2025	1	1863	813-555-1863	5.31	778	138
2025	1	1864	813-555-1864	25.72	481	805
2025	1	1865	656-555-1865	23.88	780	618
2025	1	1866	813-555-1866	53.7	936	742
2025	1	1867	656-555-1867	39.1	982	145
2025	1	1868	813-555-1868	133.32	664	236
2025	1	1869	656-555-1869	125.57	223	314
2025	1	1870	656-555-1870	23.91	227	764
2025	1	1871	813-555-1871	75.55	325	386
2025	1	1872	656-555-1872	114.91	785	740
2025	1	1873	813-555-1873	67.09	652	402
2025	1	1874	813-555-1874	119.8	428	865
2025	1	1875	813-555-1875	128.31	975	720
2025	1	1876	813-555-1876	94.12	553	377
2025	1	1877	656-555-1877	40.01	357	183
2025	1	1878	813-555-1878	82.31	528	717
2025	1	1879	656-555-1879	44.17	409	384
2025	1	1880	813-555-1880	54.25	112	32
2025	1	1881	813-555-1881	61.12	179	187
2025	1	1882	656-555-1882	29.82	156	777
2025	1	1883	656-555-1883	104.39	307	661
2025	1	1884	656-555-1884	47.04	391	740
2025	1	1885	813-555-1885	53.55	925	88
2025	1	1886	656-555-1886	34.14	433	547
2025	1	1887	656-555-1887	61.8	710	782
2025	1	1888	656-555-1888	134.69	428	398
2025	1	1889	656-555-1889	131.07	822	238
2025	1	1890	813-555-1890	139.51	460	590
2025	1	1891	813-555-1891	60.26	170	944
2025	1	1892	656-555-1892	131.45	959	415
2025	1	1893	813-555-1893	7.27	179	457
2025	1	1894	656-555-1894	119.04	274	659
2025	1	1895	813-555-1895	67.44	788	857
2025	1	1896	656-555-1896	29.93	360	451
2025	1	1897	813-555-1897	64.39	719	705
2025	1	1898	656-555-1898	53.1	256	943
2025	1	1899	656-555-1899	8.15	700	421
2025	1	1900	813-555-1900	99.91	937	233
2025	1	1901	656-555-1901	8.54	559	88
2025	1	1902	656-555-1902	97.86	805	876
2025	1	1903	813-555-1903	49.6	106	11
2025	1	1904	813-555-1904	7.62	331	552
2025	1	1905	656-555-1905	101.49	126	130
2025	1	1906	813-555-1906	72.12	563	290
2025	1	1907	813-555-1907	110.89	751	325
2025	1	1908	656-555-1908	51.46	877	632
2025	1	1909	656-555-1909	72.09	809	533
2025	1	1910	656-555-1910	124.99	952	677
2025	1	1911	813-555-1911	41.25	125	584
2025	1	1912	813-555-1912	118.22	838	917
2025	1	1913	813-555-1913	144.35	846	508
2025	1	1914	656-555-1914	137.88	984	87
2025	1	1915	656-555-1915	143.14	338	952
2025	1	1916	656-555-1916	67.59	283	623
2025	1	1917	656-555-1917	102.25	850	608
2025	1	1918	656-555-1918	89.79	296	750
2025	1	1919	813-555-1919	36.59	101	51
2025	1	1920	813-555-1920	40.75	838	967
2025	1	1921	656-555-1921	68.05	762	863
2025	1	1922	656-555-1922	54.78	871	384
2025	1	1923	813-555-1923	7.75	524	714
2025	1	1924	656-555-1924	13.42	245	600
2025	1	1925	656-555-1925	30.76	645	168
2025	1	1926	813-555-1926	72.37	331	393
2025	1	1927	656-555-1927	84.35	980	924
2025	1	1928	813-555-1928	10.97	115	421
2025	1	1929	813-555-1929	61.98	285	578
2025	1	1930	813-555-1930	137.03	584	509
2025	1	1931	656-555-1931	90.24	847	812
2025	1	1932	656-555-1932	50.91	662	460
2025	1	1933	813-555-1933	58.29	928	669
2025	1	1934	656-555-1934	73.86	171	906
2025	1	1935	656-555-1935	110.17	892	700
2025	1	1936	813-555-1936	44.85	625	976
2025	1	1937	813-555-1937	140.03	136	439
2025	1	1938	813-555-1938	131.04	565	291
2025	1	1939	813-555-1939	32.4	310	534
2025	1	1940	813-555-1940	136.4	975	16
2025	1	1941	656-555-1941	112.16	982	381
2025	1	1942	813-555-1942	14.64	555	440
2025	1	1943	813-555-1943	68.89	188	75
2025	1	1944	813-555-1944	96.5	557	818
2025	1	1945	813-555-1945	39.79	488	685
2025	1	1946	813-555-1946	94.56	476	51
2025	1	1947	813-555-1947	127.19	969	781
2025	1	1948	656-555-1948	47.29	419	868
2025	1	1949	656-555-1949	124.89	445	857
2025	1	1950	656-555-1950	10.96	631	799
2025	1	1951	656-555-1951	70.28	455	115
2025	1	1952	656-555-1952	55.26	512	965
2025	1	1953	813-555-1953	71.68	574	662
2025	1	1954	656-555-1954	83.91	415	217
2025	1	1955	813-555-1955	33.17	705	501
2025	1	1956	813-555-1956	75.03	312	301
2025	1	1957	656-555-1957	25.82	158	601
2025	1	1958	656-555-1958	50.79	465	996
2025	1	1959	656-555-1959	121.9	951	72
2025	1	1960	656-555-1960	90.35	777	14
2025	1	1961	656-555-1961	136.17	992	60
2025	1	1962	656-555-1962	84.07	757	308
2025	1	1963	813-555-1963	118.7	379	194
2025	1	1964	656-555-1964	97.41	107	477
2025	1	1965	813-555-1965	7.84	154	188
2025	1	1966	813-555-1966	135.51	838	344
2025	1	1967	656-555-1967	124.37	910	45
2025	1	1968	656-555-1968	104.81	841	417
2025	1	1969	656-555-1969	73.27	391	542
2025	1	1970	656-555-1970	79.58	745	230
2025	1	1971	656-555-1971	94.65	275	17
2025	1	1972	656-555-1972	44.05	296	53
2025	1	1973	656-555-1973	28.12	478	354
2025	1	1974	656-555-1974	63.7	918	844
2025	1	1975	813-555-1975	68.72	969	529
2025	1	1976	813-555-1976	22.36	352	789
2025	1	1977	813-555-1977	55.28	635	708
2025	1	1978	813-555-1978	110.12	205	830
2025	1	1979	656-555-1979	126.31	641	259
2025	1	1980	813-555-1980	104.02	462	666
2025	1	1981	813-555-1981	76.7	300	453
2025	1	1982	656-555-1982	5.19	152	143
2025	1	1983	656-555-1983	66.52	339	91
2025	1	1984	656-555-1984	96.6	850	901
2025	1	1985	656-555-1985	86.87	625	74
2025	1	1986	656-555-1986	111.4	225	993
2025	1	1987	656-555-1987	19.81	122	251
2025	1	1988	656-555-1988	40.99	792	106
2025	1	1989	813-555-1989	78.31	444	790
2025	1	1990	656-555-1990	30.45	582	660
2025	1	1991	813-555-1991	23.86	774	577
2025	1	1992	813-555-1992	85.43	740	777
2025	1	1993	656-555-1993	94.47	991	253
2025	1	1994	813-555-1994	67.31	374	337
2025	1	1995	656-555-1995	143.49	943	816
2025	1	1996	656-555-1996	48.56	567	470
2025	1	1997	813-555-1997	7.14	965	287
2025	1	1998	813-555-1998	35.15	766	170
2025	1	1999	656-555-1999	121.94	339	975
